id,gender,game,theme,date,stayTime
-3,Unknown,Snake,Chinese Culture,2021-01-26 10:49:19,35
-5,Unknown,Crush,Chinese Word,2021-01-26 12:21:55,22
7,Male,Treasure Hunt,School,2021-01-28 09:14:40,19
-3,Unknown,Crush,Chinese Word,2021-01-27 15:26:43,31
10,Male,Snake,Chinese Culture,2021-01-26 04:14:03,6
5,Female,Snake,Chinese Culture,2021-01-28 07:55:58,21
1,Female,Snake,Chinese Culture,2021-01-28 05:35:28,28
10,Male,Treasure Hunt,School,2021-01-26 15:57:02,10
9,Male,Snake,Chinese Culture,2021-01-28 18:04:00,19
10,Male,Crush,Chinese Word,2021-01-27 22:34:29,35
6,Male,Snake,Chinese Culture,2021-01-26 12:04:00,27
10,Male,Crush,Chinese Word,2021-01-27 18:29:17,6
-1,Unknown,Crush,Chinese Word,2021-01-27 10:35:55,6
2,Female,Crush,Chinese Word,2021-01-26 12:37:28,14
0,Female,Snake,Chinese Culture,2021-01-26 23:31:56,9
1,Female,Snake,Chinese Culture,2021-01-27 03:21:17,35
2,Female,Crush,Chinese Word,2021-01-26 00:58:57,4
1,Female,Snake,Chinese Culture,2021-01-27 13:05:35,32
4,Female,Snake,Chinese Culture,2021-01-27 04:32:43,16
0,Female,Treasure Hunt,School,2021-01-27 18:14:05,20
4,Female,Treasure Hunt,School,2021-01-26 04:01:32,27
-5,Unknown,Treasure Hunt,School,2021-01-26 00:15:13,23
4,Female,Treasure Hunt,School,2021-01-26 20:42:34,17
5,Female,Treasure Hunt,School,2021-01-26 16:35:14,15
4,Female,Snake,Chinese Culture,2021-01-28 18:38:45,10
-5,Unknown,Treasure Hunt,School,2021-01-26 10:39:14,16
5,Female,Treasure Hunt,School,2021-01-27 00:10:07,31
2,Female,Crush,Chinese Word,2021-01-27 22:41:56,3
0,Female,Crush,Chinese Word,2021-01-28 11:50:39,8
-5,Unknown,Treasure Hunt,School,2021-01-26 14:57:11,30
1,Female,Treasure Hunt,School,2021-01-27 01:11:16,13
5,Female,Treasure Hunt,School,2021-01-28 14:30:00,34
1,Female,Crush,Chinese Word,2021-01-27 07:58:59,31
7,Male,Crush,Chinese Word,2021-01-26 09:35:53,22
-4,Unknown,Crush,Chinese Word,2021-01-27 18:15:20,18
3,Female,Crush,Chinese Word,2021-01-27 19:36:55,19
-4,Unknown,Treasure Hunt,School,2021-01-26 03:35:27,18
-5,Unknown,Treasure Hunt,School,2021-01-27 15:29:43,26
-4,Unknown,Snake,Chinese Culture,2021-01-26 14:14:05,26
8,Male,Snake,Chinese Culture,2021-01-27 01:37:24,19
10,Male,Snake,Chinese Culture,2021-01-27 06:42:05,22
3,Female,Crush,Chinese Word,2021-01-28 03:27:43,3
10,Male,Treasure Hunt,School,2021-01-27 01:22:23,5
0,Female,Treasure Hunt,School,2021-01-27 09:26:35,22
2,Female,Snake,Chinese Culture,2021-01-28 13:48:13,25
-5,Unknown,Treasure Hunt,School,2021-01-26 00:40:38,3
7,Male,Crush,Chinese Word,2021-01-27 20:54:03,34
-2,Unknown,Snake,Chinese Culture,2021-01-27 03:59:00,27
0,Female,Treasure Hunt,School,2021-01-26 22:44:47,27
-1,Unknown,Crush,Chinese Word,2021-01-26 15:46:28,21
0,Female,Crush,Chinese Word,2021-01-28 19:37:27,6
5,Female,Crush,Chinese Word,2021-01-26 23:14:56,30
-4,Unknown,Crush,Chinese Word,2021-01-27 12:32:35,6
0,Female,Treasure Hunt,School,2021-01-26 03:49:57,16
10,Male,Crush,Chinese Word,2021-01-27 20:57:58,35
10,Male,Snake,Chinese Culture,2021-01-26 04:11:12,5
5,Female,Treasure Hunt,School,2021-01-27 00:03:06,12
1,Female,Treasure Hunt,School,2021-01-27 19:41:08,5
4,Female,Crush,Chinese Word,2021-01-28 03:11:11,35
-2,Unknown,Crush,Chinese Word,2021-01-26 18:19:17,30
-3,Unknown,Crush,Chinese Word,2021-01-26 23:15:40,26
4,Female,Treasure Hunt,School,2021-01-26 08:20:19,34
-4,Unknown,Snake,Chinese Culture,2021-01-28 04:26:21,33
5,Female,Crush,Chinese Word,2021-01-26 00:02:45,28
4,Female,Snake,Chinese Culture,2021-01-28 18:12:40,12
0,Female,Treasure Hunt,School,2021-01-27 22:27:41,4
0,Female,Snake,Chinese Culture,2021-01-26 08:08:24,29
8,Male,Treasure Hunt,School,2021-01-27 16:13:01,21
5,Female,Crush,Chinese Word,2021-01-27 00:30:11,19
3,Female,Crush,Chinese Word,2021-01-28 15:29:05,25
-3,Unknown,Crush,Chinese Word,2021-01-28 00:09:30,13
-2,Unknown,Treasure Hunt,School,2021-01-28 11:46:56,13
4,Female,Crush,Chinese Word,2021-01-27 23:18:17,33
-5,Unknown,Treasure Hunt,School,2021-01-26 08:42:20,31
-4,Unknown,Snake,Chinese Culture,2021-01-26 07:13:09,24
-3,Unknown,Treasure Hunt,School,2021-01-26 17:47:34,31
4,Female,Crush,Chinese Word,2021-01-27 22:54:11,16
3,Female,Treasure Hunt,School,2021-01-28 00:55:07,32
6,Male,Snake,Chinese Culture,2021-01-27 10:19:00,8
0,Female,Treasure Hunt,School,2021-01-27 20:59:34,6
7,Male,Snake,Chinese Culture,2021-01-26 11:00:07,28
7,Male,Treasure Hunt,School,2021-01-26 12:25:38,29
6,Male,Snake,Chinese Culture,2021-01-27 01:39:27,20
9,Male,Snake,Chinese Culture,2021-01-27 00:58:30,9
8,Male,Crush,Chinese Word,2021-01-27 08:27:49,7
8,Male,Crush,Chinese Word,2021-01-26 10:54:49,15
5,Female,Crush,Chinese Word,2021-01-28 05:12:14,33
-3,Unknown,Treasure Hunt,School,2021-01-28 23:54:57,9
5,Female,Snake,Chinese Culture,2021-01-28 17:01:16,26
2,Female,Treasure Hunt,School,2021-01-27 11:49:04,31
4,Female,Crush,Chinese Word,2021-01-28 19:08:25,12
-2,Unknown,Crush,Chinese Word,2021-01-27 02:41:36,20
-5,Unknown,Treasure Hunt,School,2021-01-28 00:29:56,9
2,Female,Snake,Chinese Culture,2021-01-26 14:19:39,5
4,Female,Snake,Chinese Culture,2021-01-26 19:35:29,21
8,Male,Snake,Chinese Culture,2021-01-26 13:31:06,23
8,Male,Crush,Chinese Word,2021-01-26 10:03:06,29
3,Female,Snake,Chinese Culture,2021-01-28 16:03:07,20
-1,Unknown,Crush,Chinese Word,2021-01-28 06:06:59,18
7,Male,Treasure Hunt,School,2021-01-27 06:14:45,5
1,Female,Crush,Chinese Word,2021-01-27 21:29:44,33
4,Female,Treasure Hunt,School,2021-01-26 03:58:43,31
-3,Unknown,Snake,Chinese Culture,2021-01-26 09:20:01,7
5,Female,Snake,Chinese Culture,2021-01-27 20:29:29,15
10,Male,Snake,Chinese Culture,2021-01-27 15:05:51,23
6,Male,Treasure Hunt,School,2021-01-28 04:39:37,16
3,Female,Crush,Chinese Word,2021-01-28 13:37:18,27
9,Male,Treasure Hunt,School,2021-01-27 02:45:18,15
-5,Unknown,Treasure Hunt,School,2021-01-27 01:54:51,10
-4,Unknown,Snake,Chinese Culture,2021-01-27 00:43:28,26
1,Female,Crush,Chinese Word,2021-01-27 23:32:18,9
6,Male,Treasure Hunt,School,2021-01-27 17:36:01,32
-2,Unknown,Treasure Hunt,School,2021-01-28 20:09:15,6
0,Female,Snake,Chinese Culture,2021-01-27 19:43:08,22
-1,Unknown,Treasure Hunt,School,2021-01-26 16:51:16,15
2,Female,Treasure Hunt,School,2021-01-27 11:50:30,18
-3,Unknown,Snake,Chinese Culture,2021-01-27 21:40:34,7
-5,Unknown,Snake,Chinese Culture,2021-01-26 16:32:40,16
4,Female,Snake,Chinese Culture,2021-01-26 01:08:42,17
8,Male,Crush,Chinese Word,2021-01-27 19:06:46,19
0,Female,Treasure Hunt,School,2021-01-26 05:40:27,35
10,Male,Treasure Hunt,School,2021-01-26 11:34:26,25
1,Female,Treasure Hunt,School,2021-01-28 21:34:37,23
0,Female,Snake,Chinese Culture,2021-01-26 13:00:15,4
4,Female,Snake,Chinese Culture,2021-01-27 09:48:38,22
-1,Unknown,Treasure Hunt,School,2021-01-26 19:33:26,32
4,Female,Snake,Chinese Culture,2021-01-28 05:13:42,31
-5,Unknown,Snake,Chinese Culture,2021-01-27 12:10:30,26
1,Female,Snake,Chinese Culture,2021-01-27 18:02:08,23
-3,Unknown,Treasure Hunt,School,2021-01-27 23:23:00,4
5,Female,Crush,Chinese Word,2021-01-27 20:51:24,22
9,Male,Snake,Chinese Culture,2021-01-27 23:09:40,16
5,Female,Crush,Chinese Word,2021-01-28 17:10:00,35
7,Male,Snake,Chinese Culture,2021-01-26 00:30:50,19
8,Male,Snake,Chinese Culture,2021-01-27 11:34:25,35
1,Female,Treasure Hunt,School,2021-01-27 21:31:43,7
-2,Unknown,Crush,Chinese Word,2021-01-28 23:41:56,11
-4,Unknown,Crush,Chinese Word,2021-01-28 09:22:34,31
7,Male,Crush,Chinese Word,2021-01-26 08:44:23,11
-1,Unknown,Crush,Chinese Word,2021-01-26 17:53:54,23
3,Female,Crush,Chinese Word,2021-01-26 04:22:39,28
6,Male,Snake,Chinese Culture,2021-01-28 09:47:26,33
6,Male,Snake,Chinese Culture,2021-01-27 19:55:06,9
-3,Unknown,Snake,Chinese Culture,2021-01-28 09:36:27,6
9,Male,Treasure Hunt,School,2021-01-28 14:40:28,5
-3,Unknown,Crush,Chinese Word,2021-01-26 03:23:26,15
0,Female,Crush,Chinese Word,2021-01-27 21:56:24,5
9,Male,Treasure Hunt,School,2021-01-28 10:43:09,14
9,Male,Crush,Chinese Word,2021-01-27 11:21:41,9
-4,Unknown,Crush,Chinese Word,2021-01-27 06:32:29,31
-1,Unknown,Treasure Hunt,School,2021-01-28 03:17:29,7
-3,Unknown,Treasure Hunt,School,2021-01-27 14:18:50,18
-1,Unknown,Treasure Hunt,School,2021-01-26 14:16:47,30
2,Female,Treasure Hunt,School,2021-01-27 13:56:45,35
-5,Unknown,Snake,Chinese Culture,2021-01-27 10:11:01,9
4,Female,Crush,Chinese Word,2021-01-28 07:08:31,18
-3,Unknown,Crush,Chinese Word,2021-01-26 22:01:04,4
10,Male,Treasure Hunt,School,2021-01-28 09:23:22,5
-1,Unknown,Treasure Hunt,School,2021-01-26 02:15:22,10
6,Male,Crush,Chinese Word,2021-01-26 04:20:34,25
1,Female,Treasure Hunt,School,2021-01-26 18:49:27,5
-3,Unknown,Treasure Hunt,School,2021-01-27 22:04:24,22
-3,Unknown,Snake,Chinese Culture,2021-01-27 00:42:46,14
-3,Unknown,Crush,Chinese Word,2021-01-27 21:16:59,13
-4,Unknown,Snake,Chinese Culture,2021-01-28 19:52:16,31
4,Female,Snake,Chinese Culture,2021-01-27 15:27:57,4
3,Female,Crush,Chinese Word,2021-01-27 21:19:25,16
7,Male,Snake,Chinese Culture,2021-01-26 01:42:24,19
9,Male,Crush,Chinese Word,2021-01-27 18:24:56,18
8,Male,Crush,Chinese Word,2021-01-28 19:49:17,25
4,Female,Snake,Chinese Culture,2021-01-26 22:06:03,23
-2,Unknown,Snake,Chinese Culture,2021-01-26 08:50:26,24
10,Male,Treasure Hunt,School,2021-01-27 11:13:13,11
-4,Unknown,Treasure Hunt,School,2021-01-26 03:15:29,29
-3,Unknown,Crush,Chinese Word,2021-01-28 03:59:41,24
1,Female,Treasure Hunt,School,2021-01-28 12:36:07,4
9,Male,Treasure Hunt,School,2021-01-27 11:40:05,14
3,Female,Crush,Chinese Word,2021-01-28 23:17:44,15
0,Female,Crush,Chinese Word,2021-01-28 14:31:42,34
7,Male,Crush,Chinese Word,2021-01-28 23:52:12,4
8,Male,Crush,Chinese Word,2021-01-27 13:07:46,16
-1,Unknown,Crush,Chinese Word,2021-01-28 03:40:28,23
-2,Unknown,Snake,Chinese Culture,2021-01-26 00:04:10,3
3,Female,Treasure Hunt,School,2021-01-28 10:03:28,8
3,Female,Treasure Hunt,School,2021-01-26 13:57:22,25
6,Male,Treasure Hunt,School,2021-01-27 03:27:54,24
4,Female,Crush,Chinese Word,2021-01-28 19:57:22,11
-1,Unknown,Treasure Hunt,School,2021-01-27 17:41:27,7
-4,Unknown,Crush,Chinese Word,2021-01-26 07:41:07,19
9,Male,Snake,Chinese Culture,2021-01-26 05:14:50,9
3,Female,Crush,Chinese Word,2021-01-26 06:32:33,28
4,Female,Treasure Hunt,School,2021-01-28 08:23:17,17
-4,Unknown,Snake,Chinese Culture,2021-01-26 17:16:39,13
2,Female,Crush,Chinese Word,2021-01-27 17:20:01,19
3,Female,Crush,Chinese Word,2021-01-26 11:48:46,32
-1,Unknown,Snake,Chinese Culture,2021-01-27 20:14:39,4
6,Male,Crush,Chinese Word,2021-01-28 12:49:29,5
-5,Unknown,Crush,Chinese Word,2021-01-28 18:44:07,33
-2,Unknown,Treasure Hunt,School,2021-01-26 09:37:25,28
4,Female,Crush,Chinese Word,2021-01-26 10:35:16,17
7,Male,Crush,Chinese Word,2021-01-26 06:09:02,26
1,Female,Crush,Chinese Word,2021-01-28 17:46:06,16
2,Female,Snake,Chinese Culture,2021-01-26 04:40:44,23
5,Female,Treasure Hunt,School,2021-01-27 08:00:03,5
-4,Unknown,Snake,Chinese Culture,2021-01-27 23:58:57,8
-4,Unknown,Crush,Chinese Word,2021-01-28 22:41:03,26
0,Female,Treasure Hunt,School,2021-01-28 18:46:05,16
2,Female,Crush,Chinese Word,2021-01-26 09:19:32,33
-4,Unknown,Crush,Chinese Word,2021-01-26 19:21:54,24
5,Female,Crush,Chinese Word,2021-01-28 04:34:20,33
2,Female,Snake,Chinese Culture,2021-01-28 01:21:30,17
0,Female,Treasure Hunt,School,2021-01-26 21:45:13,18
0,Female,Treasure Hunt,School,2021-01-27 07:20:36,11
2,Female,Crush,Chinese Word,2021-01-26 23:30:16,8
3,Female,Crush,Chinese Word,2021-01-26 12:22:59,7
-1,Unknown,Crush,Chinese Word,2021-01-27 07:16:27,21
-3,Unknown,Crush,Chinese Word,2021-01-27 12:23:48,21
0,Female,Snake,Chinese Culture,2021-01-26 13:15:01,5
9,Male,Snake,Chinese Culture,2021-01-26 13:00:54,17
9,Male,Snake,Chinese Culture,2021-01-28 13:23:55,20
1,Female,Treasure Hunt,School,2021-01-28 15:44:13,11
7,Male,Crush,Chinese Word,2021-01-26 12:29:26,15
-1,Unknown,Treasure Hunt,School,2021-01-26 05:56:31,10
7,Male,Treasure Hunt,School,2021-01-26 19:54:07,18
6,Male,Treasure Hunt,School,2021-01-26 20:41:01,33
-2,Unknown,Crush,Chinese Word,2021-01-27 17:58:21,22
9,Male,Snake,Chinese Culture,2021-01-26 08:14:41,22
10,Male,Crush,Chinese Word,2021-01-28 16:13:44,34
-1,Unknown,Crush,Chinese Word,2021-01-26 17:59:48,3
9,Male,Crush,Chinese Word,2021-01-26 13:39:26,3
-3,Unknown,Crush,Chinese Word,2021-01-28 16:15:48,31
3,Female,Snake,Chinese Culture,2021-01-28 02:49:19,21
-2,Unknown,Crush,Chinese Word,2021-01-26 02:39:36,9
8,Male,Crush,Chinese Word,2021-01-27 01:56:22,6
-4,Unknown,Snake,Chinese Culture,2021-01-26 21:58:23,27
-1,Unknown,Treasure Hunt,School,2021-01-27 19:24:38,17
5,Female,Treasure Hunt,School,2021-01-27 12:06:39,7
-5,Unknown,Crush,Chinese Word,2021-01-27 06:21:11,33
1,Female,Crush,Chinese Word,2021-01-27 06:45:32,30
1,Female,Treasure Hunt,School,2021-01-27 06:46:58,10
-4,Unknown,Crush,Chinese Word,2021-01-26 07:05:06,20
2,Female,Snake,Chinese Culture,2021-01-27 14:56:16,29
3,Female,Snake,Chinese Culture,2021-01-26 08:33:26,7
-2,Unknown,Crush,Chinese Word,2021-01-26 17:06:27,9
0,Female,Crush,Chinese Word,2021-01-28 05:38:36,5
-3,Unknown,Crush,Chinese Word,2021-01-28 05:36:44,3
6,Male,Crush,Chinese Word,2021-01-26 02:04:11,35
2,Female,Snake,Chinese Culture,2021-01-27 02:27:08,15
-2,Unknown,Treasure Hunt,School,2021-01-28 12:50:17,32
-4,Unknown,Crush,Chinese Word,2021-01-26 15:25:41,5
9,Male,Crush,Chinese Word,2021-01-28 12:05:37,9
-2,Unknown,Snake,Chinese Culture,2021-01-27 04:32:07,33
7,Male,Treasure Hunt,School,2021-01-26 20:34:50,24
-2,Unknown,Treasure Hunt,School,2021-01-28 10:46:23,10
-2,Unknown,Treasure Hunt,School,2021-01-28 12:04:44,19
0,Female,Crush,Chinese Word,2021-01-26 02:42:08,9
1,Female,Snake,Chinese Culture,2021-01-28 12:45:59,30
6,Male,Crush,Chinese Word,2021-01-26 04:28:27,26
-5,Unknown,Crush,Chinese Word,2021-01-27 23:45:08,15
2,Female,Treasure Hunt,School,2021-01-26 12:55:03,4
10,Male,Snake,Chinese Culture,2021-01-26 06:45:25,27
1,Female,Treasure Hunt,School,2021-01-28 17:40:33,10
2,Female,Treasure Hunt,School,2021-01-27 22:11:43,28
-5,Unknown,Treasure Hunt,School,2021-01-27 12:10:53,34
9,Male,Crush,Chinese Word,2021-01-28 02:30:00,34
1,Female,Treasure Hunt,School,2021-01-26 21:41:47,29
6,Male,Snake,Chinese Culture,2021-01-28 22:02:29,18
-3,Unknown,Snake,Chinese Culture,2021-01-27 22:07:48,7
-1,Unknown,Treasure Hunt,School,2021-01-28 08:26:53,26
-3,Unknown,Treasure Hunt,School,2021-01-28 19:19:27,11
4,Female,Treasure Hunt,School,2021-01-26 09:20:10,10
1,Female,Snake,Chinese Culture,2021-01-27 16:15:32,23
2,Female,Crush,Chinese Word,2021-01-28 13:00:03,35
6,Male,Treasure Hunt,School,2021-01-26 14:32:25,21
-3,Unknown,Treasure Hunt,School,2021-01-26 22:37:33,22
9,Male,Crush,Chinese Word,2021-01-27 11:04:17,30
-5,Unknown,Snake,Chinese Culture,2021-01-26 23:14:49,8
8,Male,Snake,Chinese Culture,2021-01-28 08:54:03,7
8,Male,Crush,Chinese Word,2021-01-28 18:41:23,16
4,Female,Crush,Chinese Word,2021-01-27 21:20:59,12
3,Female,Crush,Chinese Word,2021-01-26 06:50:37,34
10,Male,Treasure Hunt,School,2021-01-28 20:57:02,5
9,Male,Snake,Chinese Culture,2021-01-26 19:51:32,29
-4,Unknown,Crush,Chinese Word,2021-01-26 02:59:19,11
-1,Unknown,Treasure Hunt,School,2021-01-26 16:34:12,8
4,Female,Treasure Hunt,School,2021-01-28 07:00:35,24
6,Male,Snake,Chinese Culture,2021-01-26 01:54:51,29
9,Male,Crush,Chinese Word,2021-01-28 20:13:28,31
3,Female,Treasure Hunt,School,2021-01-27 18:50:21,10
8,Male,Crush,Chinese Word,2021-01-26 06:11:46,17
-4,Unknown,Snake,Chinese Culture,2021-01-28 04:33:02,32
1,Female,Snake,Chinese Culture,2021-01-27 06:36:34,22
-5,Unknown,Crush,Chinese Word,2021-01-26 18:00:33,17
4,Female,Snake,Chinese Culture,2021-01-28 01:03:28,33
9,Male,Snake,Chinese Culture,2021-01-27 19:11:51,25
-4,Unknown,Treasure Hunt,School,2021-01-26 06:23:13,35
-3,Unknown,Crush,Chinese Word,2021-01-28 04:22:32,11
2,Female,Crush,Chinese Word,2021-01-28 07:13:02,22
7,Male,Crush,Chinese Word,2021-01-26 08:47:40,20
1,Female,Crush,Chinese Word,2021-01-27 22:22:21,30
1,Female,Treasure Hunt,School,2021-01-27 16:46:24,12
2,Female,Snake,Chinese Culture,2021-01-28 04:14:22,4
-3,Unknown,Crush,Chinese Word,2021-01-27 17:40:53,30
-5,Unknown,Snake,Chinese Culture,2021-01-26 23:35:41,11
10,Male,Crush,Chinese Word,2021-01-26 18:13:03,12
-5,Unknown,Treasure Hunt,School,2021-01-27 02:44:56,17
5,Female,Snake,Chinese Culture,2021-01-28 21:12:30,8
-4,Unknown,Snake,Chinese Culture,2021-01-26 10:15:36,20
10,Male,Snake,Chinese Culture,2021-01-27 03:39:58,26
6,Male,Crush,Chinese Word,2021-01-28 18:01:23,15
4,Female,Treasure Hunt,School,2021-01-26 14:03:12,25
1,Female,Snake,Chinese Culture,2021-01-28 03:30:34,18
3,Female,Crush,Chinese Word,2021-01-28 16:10:51,14
-2,Unknown,Snake,Chinese Culture,2021-01-26 16:54:39,16
9,Male,Snake,Chinese Culture,2021-01-28 07:36:08,10
-4,Unknown,Crush,Chinese Word,2021-01-28 14:27:27,31
1,Female,Treasure Hunt,School,2021-01-28 04:32:24,11
1,Female,Crush,Chinese Word,2021-01-26 23:33:36,12
4,Female,Snake,Chinese Culture,2021-01-26 11:51:06,32
-2,Unknown,Treasure Hunt,School,2021-01-28 00:05:17,33
1,Female,Crush,Chinese Word,2021-01-28 19:49:32,20
5,Female,Snake,Chinese Culture,2021-01-26 01:44:09,24
8,Male,Treasure Hunt,School,2021-01-26 23:04:03,15
8,Male,Snake,Chinese Culture,2021-01-26 10:00:52,32
4,Female,Treasure Hunt,School,2021-01-27 20:01:58,26
0,Female,Snake,Chinese Culture,2021-01-27 08:41:30,28
-5,Unknown,Treasure Hunt,School,2021-01-26 05:24:45,14
-3,Unknown,Snake,Chinese Culture,2021-01-28 13:32:50,33
9,Male,Treasure Hunt,School,2021-01-27 00:52:54,25
-1,Unknown,Snake,Chinese Culture,2021-01-28 03:13:09,22
-5,Unknown,Treasure Hunt,School,2021-01-26 00:14:09,25
2,Female,Treasure Hunt,School,2021-01-28 05:30:49,32
-5,Unknown,Treasure Hunt,School,2021-01-27 18:44:42,35
3,Female,Crush,Chinese Word,2021-01-27 05:17:54,7
10,Male,Treasure Hunt,School,2021-01-26 02:06:38,20
4,Female,Snake,Chinese Culture,2021-01-28 07:17:40,20
5,Female,Snake,Chinese Culture,2021-01-28 09:07:55,16
-2,Unknown,Snake,Chinese Culture,2021-01-26 04:26:05,23
-5,Unknown,Snake,Chinese Culture,2021-01-27 12:35:19,11
6,Male,Treasure Hunt,School,2021-01-27 02:16:42,6
2,Female,Snake,Chinese Culture,2021-01-26 16:30:25,20
5,Female,Snake,Chinese Culture,2021-01-26 14:11:59,8
9,Male,Snake,Chinese Culture,2021-01-27 23:11:17,16
-2,Unknown,Crush,Chinese Word,2021-01-26 20:16:00,9
10,Male,Snake,Chinese Culture,2021-01-26 15:13:32,11
9,Male,Snake,Chinese Culture,2021-01-27 12:47:23,23
4,Female,Treasure Hunt,School,2021-01-26 06:48:16,8
3,Female,Snake,Chinese Culture,2021-01-27 02:20:41,4
3,Female,Snake,Chinese Culture,2021-01-26 22:48:50,31
4,Female,Treasure Hunt,School,2021-01-27 13:59:57,18
4,Female,Crush,Chinese Word,2021-01-28 08:51:53,18
9,Male,Crush,Chinese Word,2021-01-26 02:50:03,33
0,Female,Treasure Hunt,School,2021-01-27 11:42:56,9
4,Female,Snake,Chinese Culture,2021-01-27 16:20:18,32
2,Female,Snake,Chinese Culture,2021-01-26 13:05:27,30
8,Male,Snake,Chinese Culture,2021-01-28 10:12:17,7
8,Male,Crush,Chinese Word,2021-01-26 23:30:09,34
-5,Unknown,Crush,Chinese Word,2021-01-28 02:37:21,5
7,Male,Snake,Chinese Culture,2021-01-28 13:58:39,4
-4,Unknown,Snake,Chinese Culture,2021-01-27 23:16:56,35
-5,Unknown,Treasure Hunt,School,2021-01-27 01:28:58,12
7,Male,Treasure Hunt,School,2021-01-27 03:26:08,31
-2,Unknown,Treasure Hunt,School,2021-01-27 19:00:43,29
-3,Unknown,Treasure Hunt,School,2021-01-28 23:21:05,35
1,Female,Snake,Chinese Culture,2021-01-27 18:36:20,16
3,Female,Crush,Chinese Word,2021-01-27 05:34:10,10
0,Female,Treasure Hunt,School,2021-01-27 17:05:12,25
2,Female,Crush,Chinese Word,2021-01-28 23:06:58,10
-5,Unknown,Treasure Hunt,School,2021-01-27 16:30:20,17
8,Male,Snake,Chinese Culture,2021-01-27 19:44:33,8
0,Female,Snake,Chinese Culture,2021-01-27 12:10:55,3
9,Male,Treasure Hunt,School,2021-01-26 03:14:55,15
9,Male,Snake,Chinese Culture,2021-01-27 12:50:41,34
0,Female,Treasure Hunt,School,2021-01-27 22:28:31,27
1,Female,Treasure Hunt,School,2021-01-27 14:37:21,5
0,Female,Treasure Hunt,School,2021-01-27 03:25:23,34
-3,Unknown,Crush,Chinese Word,2021-01-26 02:26:50,3
-4,Unknown,Treasure Hunt,School,2021-01-28 22:13:45,20
0,Female,Crush,Chinese Word,2021-01-26 18:58:30,25
0,Female,Crush,Chinese Word,2021-01-27 13:13:21,35
2,Female,Treasure Hunt,School,2021-01-27 18:24:09,28
0,Female,Treasure Hunt,School,2021-01-26 08:13:35,20
0,Female,Treasure Hunt,School,2021-01-28 02:54:11,25
4,Female,Treasure Hunt,School,2021-01-26 21:13:24,28
1,Female,Treasure Hunt,School,2021-01-27 03:29:23,20
-3,Unknown,Treasure Hunt,School,2021-01-27 19:35:02,34
-2,Unknown,Crush,Chinese Word,2021-01-26 08:23:26,14
3,Female,Snake,Chinese Culture,2021-01-27 09:20:36,3
4,Female,Snake,Chinese Culture,2021-01-28 06:54:26,30
7,Male,Treasure Hunt,School,2021-01-27 19:09:59,24
2,Female,Crush,Chinese Word,2021-01-26 08:23:36,23
5,Female,Treasure Hunt,School,2021-01-28 20:44:29,13
4,Female,Snake,Chinese Culture,2021-01-26 18:04:41,5
3,Female,Crush,Chinese Word,2021-01-27 06:44:22,14
9,Male,Snake,Chinese Culture,2021-01-27 05:47:22,23
8,Male,Crush,Chinese Word,2021-01-27 18:43:02,23
2,Female,Snake,Chinese Culture,2021-01-27 15:37:55,27
8,Male,Crush,Chinese Word,2021-01-28 12:37:06,8
-5,Unknown,Snake,Chinese Culture,2021-01-27 00:32:04,18
6,Male,Treasure Hunt,School,2021-01-28 20:04:14,17
2,Female,Treasure Hunt,School,2021-01-28 21:40:10,26
-2,Unknown,Crush,Chinese Word,2021-01-28 21:49:05,20
8,Male,Treasure Hunt,School,2021-01-26 14:07:14,11
-2,Unknown,Snake,Chinese Culture,2021-01-27 10:04:17,24
8,Male,Snake,Chinese Culture,2021-01-28 04:26:27,21
6,Male,Crush,Chinese Word,2021-01-28 23:54:34,9
2,Female,Crush,Chinese Word,2021-01-28 04:21:24,24
1,Female,Snake,Chinese Culture,2021-01-27 09:48:20,13
-3,Unknown,Snake,Chinese Culture,2021-01-26 12:44:17,29
-2,Unknown,Treasure Hunt,School,2021-01-26 11:53:33,29
5,Female,Snake,Chinese Culture,2021-01-27 12:08:26,18
0,Female,Treasure Hunt,School,2021-01-27 19:15:03,25
9,Male,Snake,Chinese Culture,2021-01-27 09:24:51,26
-4,Unknown,Crush,Chinese Word,2021-01-28 14:20:38,18
-1,Unknown,Treasure Hunt,School,2021-01-27 15:17:48,4
1,Female,Snake,Chinese Culture,2021-01-28 15:06:08,23
10,Male,Snake,Chinese Culture,2021-01-26 13:43:16,33
6,Male,Snake,Chinese Culture,2021-01-26 00:18:39,10
0,Female,Crush,Chinese Word,2021-01-26 16:22:48,14
2,Female,Snake,Chinese Culture,2021-01-27 04:23:58,3
-5,Unknown,Crush,Chinese Word,2021-01-27 17:57:46,21
2,Female,Snake,Chinese Culture,2021-01-27 13:09:34,22
9,Male,Snake,Chinese Culture,2021-01-26 21:14:05,30
5,Female,Crush,Chinese Word,2021-01-27 15:33:41,12
2,Female,Snake,Chinese Culture,2021-01-26 09:46:00,23
3,Female,Treasure Hunt,School,2021-01-26 09:05:21,30
-3,Unknown,Treasure Hunt,School,2021-01-26 23:16:56,17
2,Female,Treasure Hunt,School,2021-01-26 20:42:23,18
3,Female,Crush,Chinese Word,2021-01-26 15:56:22,12
-3,Unknown,Treasure Hunt,School,2021-01-27 17:23:29,12
4,Female,Snake,Chinese Culture,2021-01-28 01:07:34,22
1,Female,Crush,Chinese Word,2021-01-28 06:09:31,34
7,Male,Crush,Chinese Word,2021-01-27 14:43:43,14
5,Female,Crush,Chinese Word,2021-01-26 10:33:22,25
9,Male,Snake,Chinese Culture,2021-01-27 23:36:29,25
-3,Unknown,Crush,Chinese Word,2021-01-27 16:58:58,27
-3,Unknown,Treasure Hunt,School,2021-01-26 03:45:26,6
0,Female,Snake,Chinese Culture,2021-01-27 08:08:03,33
-5,Unknown,Crush,Chinese Word,2021-01-26 08:27:06,22
7,Male,Snake,Chinese Culture,2021-01-26 17:28:14,10
-4,Unknown,Crush,Chinese Word,2021-01-27 15:22:33,35
-5,Unknown,Treasure Hunt,School,2021-01-28 05:06:16,16
0,Female,Crush,Chinese Word,2021-01-26 05:55:51,20
10,Male,Treasure Hunt,School,2021-01-26 08:40:37,7
3,Female,Snake,Chinese Culture,2021-01-27 21:02:54,28
-2,Unknown,Snake,Chinese Culture,2021-01-28 14:01:33,33
2,Female,Snake,Chinese Culture,2021-01-28 13:05:59,33
-3,Unknown,Crush,Chinese Word,2021-01-28 09:21:27,14
7,Male,Treasure Hunt,School,2021-01-28 04:51:26,9
8,Male,Treasure Hunt,School,2021-01-28 20:57:03,15
2,Female,Crush,Chinese Word,2021-01-28 07:25:58,10
2,Female,Crush,Chinese Word,2021-01-27 11:33:24,32
10,Male,Treasure Hunt,School,2021-01-26 07:10:30,18
4,Female,Crush,Chinese Word,2021-01-26 17:29:54,19
-2,Unknown,Treasure Hunt,School,2021-01-26 17:50:23,15
2,Female,Snake,Chinese Culture,2021-01-26 18:41:21,26
6,Male,Treasure Hunt,School,2021-01-26 18:13:02,17
0,Female,Treasure Hunt,School,2021-01-28 02:40:01,34
3,Female,Treasure Hunt,School,2021-01-26 22:04:00,16
0,Female,Crush,Chinese Word,2021-01-28 00:55:46,31
-5,Unknown,Treasure Hunt,School,2021-01-27 16:16:30,23
7,Male,Snake,Chinese Culture,2021-01-26 21:14:27,30
-4,Unknown,Snake,Chinese Culture,2021-01-28 07:43:30,25
-1,Unknown,Snake,Chinese Culture,2021-01-27 16:29:03,8
10,Male,Treasure Hunt,School,2021-01-28 06:50:58,17
7,Male,Treasure Hunt,School,2021-01-28 03:16:05,29
8,Male,Treasure Hunt,School,2021-01-26 21:02:03,16
8,Male,Treasure Hunt,School,2021-01-28 17:35:21,19
7,Male,Crush,Chinese Word,2021-01-27 15:01:16,21
3,Female,Treasure Hunt,School,2021-01-28 20:04:16,26
10,Male,Snake,Chinese Culture,2021-01-27 19:21:56,6
0,Female,Treasure Hunt,School,2021-01-26 03:11:46,13
-4,Unknown,Treasure Hunt,School,2021-01-28 18:35:35,14
2,Female,Treasure Hunt,School,2021-01-28 06:55:59,13
0,Female,Snake,Chinese Culture,2021-01-28 16:04:50,19
-3,Unknown,Snake,Chinese Culture,2021-01-27 23:53:57,5
7,Male,Snake,Chinese Culture,2021-01-27 02:00:59,30
-5,Unknown,Crush,Chinese Word,2021-01-26 12:55:11,14
5,Female,Snake,Chinese Culture,2021-01-26 05:24:52,28
4,Female,Crush,Chinese Word,2021-01-28 17:07:07,35
0,Female,Treasure Hunt,School,2021-01-26 06:56:30,30
4,Female,Treasure Hunt,School,2021-01-26 09:57:32,20
-1,Unknown,Snake,Chinese Culture,2021-01-28 18:18:41,23
-5,Unknown,Snake,Chinese Culture,2021-01-28 18:49:54,3
1,Female,Crush,Chinese Word,2021-01-26 18:01:40,23
8,Male,Snake,Chinese Culture,2021-01-26 04:09:16,17
8,Male,Crush,Chinese Word,2021-01-28 03:02:15,22
10,Male,Snake,Chinese Culture,2021-01-28 10:36:44,15
1,Female,Snake,Chinese Culture,2021-01-27 14:23:38,25
9,Male,Treasure Hunt,School,2021-01-27 17:10:04,12
6,Male,Treasure Hunt,School,2021-01-28 18:37:44,11
-4,Unknown,Crush,Chinese Word,2021-01-27 12:34:29,12
-4,Unknown,Crush,Chinese Word,2021-01-26 15:54:20,5
1,Female,Treasure Hunt,School,2021-01-28 16:42:20,18
10,Male,Treasure Hunt,School,2021-01-26 06:43:19,9
6,Male,Crush,Chinese Word,2021-01-28 15:24:36,28
5,Female,Crush,Chinese Word,2021-01-26 10:01:44,22
-3,Unknown,Treasure Hunt,School,2021-01-28 09:19:32,17
-4,Unknown,Treasure Hunt,School,2021-01-26 00:16:23,32
9,Male,Snake,Chinese Culture,2021-01-28 20:01:46,14
6,Male,Crush,Chinese Word,2021-01-28 13:24:30,24
-2,Unknown,Treasure Hunt,School,2021-01-27 10:33:29,5
5,Female,Treasure Hunt,School,2021-01-28 11:21:12,3
10,Male,Treasure Hunt,School,2021-01-26 06:45:10,16
3,Female,Treasure Hunt,School,2021-01-26 10:24:27,19
-2,Unknown,Snake,Chinese Culture,2021-01-28 11:34:01,23
10,Male,Crush,Chinese Word,2021-01-26 23:11:25,4
6,Male,Treasure Hunt,School,2021-01-26 22:44:08,20
10,Male,Snake,Chinese Culture,2021-01-26 04:52:07,30
2,Female,Crush,Chinese Word,2021-01-27 21:09:32,11
0,Female,Crush,Chinese Word,2021-01-27 06:13:14,8
10,Male,Treasure Hunt,School,2021-01-26 07:57:22,16
9,Male,Treasure Hunt,School,2021-01-27 09:25:30,20
6,Male,Snake,Chinese Culture,2021-01-28 16:53:20,20
5,Female,Crush,Chinese Word,2021-01-26 17:22:15,29
4,Female,Treasure Hunt,School,2021-01-26 11:40:28,10
9,Male,Crush,Chinese Word,2021-01-27 04:31:00,25
-1,Unknown,Treasure Hunt,School,2021-01-28 19:37:05,24
0,Female,Crush,Chinese Word,2021-01-27 11:28:40,3
1,Female,Treasure Hunt,School,2021-01-27 11:54:30,35
8,Male,Crush,Chinese Word,2021-01-26 11:11:29,19
-2,Unknown,Snake,Chinese Culture,2021-01-26 13:20:10,20
8,Male,Treasure Hunt,School,2021-01-26 17:24:05,13
10,Male,Snake,Chinese Culture,2021-01-27 11:32:31,28
7,Male,Snake,Chinese Culture,2021-01-26 03:13:54,32
2,Female,Snake,Chinese Culture,2021-01-28 04:13:23,31
3,Female,Treasure Hunt,School,2021-01-28 04:35:29,30
5,Female,Treasure Hunt,School,2021-01-26 09:28:38,18
2,Female,Crush,Chinese Word,2021-01-26 11:28:03,6
0,Female,Snake,Chinese Culture,2021-01-28 05:06:31,3
1,Female,Crush,Chinese Word,2021-01-26 07:19:42,6
-3,Unknown,Snake,Chinese Culture,2021-01-26 12:26:56,7
-1,Unknown,Crush,Chinese Word,2021-01-27 16:33:40,10
4,Female,Crush,Chinese Word,2021-01-28 23:03:11,25
2,Female,Snake,Chinese Culture,2021-01-26 15:17:31,15
4,Female,Treasure Hunt,School,2021-01-27 06:23:37,21
7,Male,Snake,Chinese Culture,2021-01-28 06:38:23,18
3,Female,Treasure Hunt,School,2021-01-27 19:49:59,17
4,Female,Crush,Chinese Word,2021-01-28 13:05:44,14
-5,Unknown,Crush,Chinese Word,2021-01-28 09:15:05,8
2,Female,Crush,Chinese Word,2021-01-26 22:23:09,22
3,Female,Crush,Chinese Word,2021-01-26 04:24:56,19
3,Female,Crush,Chinese Word,2021-01-26 00:42:09,35
-4,Unknown,Treasure Hunt,School,2021-01-26 14:49:50,32
-4,Unknown,Snake,Chinese Culture,2021-01-26 04:28:21,33
-3,Unknown,Treasure Hunt,School,2021-01-28 06:03:14,34
7,Male,Crush,Chinese Word,2021-01-26 01:02:11,9
-2,Unknown,Crush,Chinese Word,2021-01-27 20:30:18,6
-5,Unknown,Treasure Hunt,School,2021-01-28 16:27:45,7
3,Female,Crush,Chinese Word,2021-01-28 02:42:20,32
10,Male,Treasure Hunt,School,2021-01-27 15:15:23,17
0,Female,Treasure Hunt,School,2021-01-27 06:43:58,31
-5,Unknown,Snake,Chinese Culture,2021-01-27 17:49:31,23
6,Male,Snake,Chinese Culture,2021-01-28 19:08:00,22
-1,Unknown,Treasure Hunt,School,2021-01-27 17:31:55,28
4,Female,Crush,Chinese Word,2021-01-26 04:56:02,11
0,Female,Treasure Hunt,School,2021-01-26 19:48:18,32
6,Male,Snake,Chinese Culture,2021-01-26 10:01:28,16
7,Male,Snake,Chinese Culture,2021-01-27 01:36:33,32
-1,Unknown,Snake,Chinese Culture,2021-01-28 14:07:49,19
-5,Unknown,Snake,Chinese Culture,2021-01-26 10:35:37,6
7,Male,Crush,Chinese Word,2021-01-28 07:21:07,3
-2,Unknown,Snake,Chinese Culture,2021-01-28 20:21:59,12
4,Female,Treasure Hunt,School,2021-01-27 19:43:50,10
10,Male,Treasure Hunt,School,2021-01-27 13:26:22,28
-1,Unknown,Crush,Chinese Word,2021-01-28 07:00:45,32
-1,Unknown,Crush,Chinese Word,2021-01-27 11:45:30,28
-1,Unknown,Snake,Chinese Culture,2021-01-28 06:25:39,26
-3,Unknown,Treasure Hunt,School,2021-01-28 02:00:54,32
6,Male,Treasure Hunt,School,2021-01-27 05:49:34,16
0,Female,Crush,Chinese Word,2021-01-27 02:59:42,16
-1,Unknown,Treasure Hunt,School,2021-01-28 06:59:03,23
-3,Unknown,Crush,Chinese Word,2021-01-27 18:43:58,34
1,Female,Treasure Hunt,School,2021-01-28 01:44:29,20
1,Female,Treasure Hunt,School,2021-01-26 19:29:34,15
5,Female,Treasure Hunt,School,2021-01-26 23:22:36,30
3,Female,Treasure Hunt,School,2021-01-26 05:02:09,5
-4,Unknown,Crush,Chinese Word,2021-01-26 13:46:53,35
-2,Unknown,Treasure Hunt,School,2021-01-28 18:52:52,17
-5,Unknown,Snake,Chinese Culture,2021-01-26 08:02:13,5
5,Female,Treasure Hunt,School,2021-01-26 16:23:51,24
6,Male,Snake,Chinese Culture,2021-01-26 15:42:55,28
7,Male,Snake,Chinese Culture,2021-01-26 17:47:25,15
0,Female,Crush,Chinese Word,2021-01-26 08:34:22,4
2,Female,Treasure Hunt,School,2021-01-28 10:07:34,7
-4,Unknown,Treasure Hunt,School,2021-01-27 17:41:55,32
0,Female,Treasure Hunt,School,2021-01-28 09:07:40,21
4,Female,Snake,Chinese Culture,2021-01-28 08:35:10,19
5,Female,Snake,Chinese Culture,2021-01-27 08:06:10,8
9,Male,Snake,Chinese Culture,2021-01-28 21:07:06,14
7,Male,Crush,Chinese Word,2021-01-28 23:47:07,31
-5,Unknown,Treasure Hunt,School,2021-01-26 00:58:39,22
-2,Unknown,Treasure Hunt,School,2021-01-27 17:31:33,19
2,Female,Snake,Chinese Culture,2021-01-28 00:06:45,4
-3,Unknown,Treasure Hunt,School,2021-01-26 14:31:26,18
-5,Unknown,Treasure Hunt,School,2021-01-27 06:12:49,11
9,Male,Treasure Hunt,School,2021-01-28 15:03:14,34
7,Male,Treasure Hunt,School,2021-01-28 20:49:09,13
-4,Unknown,Snake,Chinese Culture,2021-01-28 21:48:36,25
8,Male,Treasure Hunt,School,2021-01-27 00:52:31,33
4,Female,Snake,Chinese Culture,2021-01-26 05:19:03,13
2,Female,Crush,Chinese Word,2021-01-27 07:11:20,13
5,Female,Snake,Chinese Culture,2021-01-28 22:39:38,16
-1,Unknown,Snake,Chinese Culture,2021-01-27 09:56:41,20
-4,Unknown,Crush,Chinese Word,2021-01-28 05:57:05,10
-5,Unknown,Snake,Chinese Culture,2021-01-26 18:08:28,8
-3,Unknown,Treasure Hunt,School,2021-01-27 07:47:50,34
6,Male,Snake,Chinese Culture,2021-01-28 11:50:26,3
-2,Unknown,Snake,Chinese Culture,2021-01-27 21:57:52,27
-4,Unknown,Snake,Chinese Culture,2021-01-28 02:46:34,17
-5,Unknown,Snake,Chinese Culture,2021-01-26 16:08:12,30
3,Female,Treasure Hunt,School,2021-01-28 06:33:40,30
-2,Unknown,Snake,Chinese Culture,2021-01-27 14:29:57,28
-1,Unknown,Treasure Hunt,School,2021-01-28 14:21:36,30
0,Female,Snake,Chinese Culture,2021-01-27 12:54:08,20
6,Male,Crush,Chinese Word,2021-01-26 17:56:42,26
4,Female,Treasure Hunt,School,2021-01-28 15:47:24,14
-3,Unknown,Snake,Chinese Culture,2021-01-27 10:06:54,27
4,Female,Snake,Chinese Culture,2021-01-27 05:04:55,21
10,Male,Snake,Chinese Culture,2021-01-27 09:53:32,6
9,Male,Crush,Chinese Word,2021-01-27 05:24:46,4
1,Female,Treasure Hunt,School,2021-01-28 13:15:56,10
-4,Unknown,Snake,Chinese Culture,2021-01-28 12:45:36,11
8,Male,Snake,Chinese Culture,2021-01-28 02:37:44,3
0,Female,Crush,Chinese Word,2021-01-28 00:06:32,28
10,Male,Snake,Chinese Culture,2021-01-27 16:47:50,22
-2,Unknown,Crush,Chinese Word,2021-01-27 21:11:10,4
7,Male,Snake,Chinese Culture,2021-01-26 14:17:04,19
-1,Unknown,Treasure Hunt,School,2021-01-26 02:05:47,18
-5,Unknown,Treasure Hunt,School,2021-01-26 12:00:37,15
5,Female,Snake,Chinese Culture,2021-01-28 08:04:30,11
0,Female,Snake,Chinese Culture,2021-01-26 15:48:23,23
2,Female,Snake,Chinese Culture,2021-01-27 07:40:47,21
7,Male,Snake,Chinese Culture,2021-01-28 05:31:52,5
6,Male,Snake,Chinese Culture,2021-01-28 08:47:27,17
-5,Unknown,Snake,Chinese Culture,2021-01-26 22:31:26,35
7,Male,Treasure Hunt,School,2021-01-26 23:39:14,23
-4,Unknown,Crush,Chinese Word,2021-01-26 10:44:57,32
-3,Unknown,Crush,Chinese Word,2021-01-26 03:05:32,30
-2,Unknown,Snake,Chinese Culture,2021-01-26 12:40:49,30
8,Male,Crush,Chinese Word,2021-01-26 22:13:09,3
8,Male,Treasure Hunt,School,2021-01-27 05:06:51,34
7,Male,Snake,Chinese Culture,2021-01-26 15:49:55,31
-2,Unknown,Snake,Chinese Culture,2021-01-27 10:41:36,17
10,Male,Crush,Chinese Word,2021-01-27 16:32:23,11
2,Female,Crush,Chinese Word,2021-01-27 14:08:28,29
3,Female,Snake,Chinese Culture,2021-01-27 07:03:05,15
7,Male,Crush,Chinese Word,2021-01-26 08:44:54,25
-4,Unknown,Treasure Hunt,School,2021-01-28 22:53:59,25
-4,Unknown,Crush,Chinese Word,2021-01-26 20:48:35,9
6,Male,Crush,Chinese Word,2021-01-27 15:51:37,29
7,Male,Snake,Chinese Culture,2021-01-26 10:21:52,13
9,Male,Treasure Hunt,School,2021-01-26 02:50:19,6
-5,Unknown,Treasure Hunt,School,2021-01-28 12:07:13,27
-1,Unknown,Crush,Chinese Word,2021-01-28 07:49:04,11
3,Female,Crush,Chinese Word,2021-01-26 09:24:47,30
10,Male,Treasure Hunt,School,2021-01-26 03:33:33,18
6,Male,Snake,Chinese Culture,2021-01-26 09:59:59,26
8,Male,Snake,Chinese Culture,2021-01-28 13:33:30,26
-4,Unknown,Treasure Hunt,School,2021-01-27 05:34:52,29
-5,Unknown,Crush,Chinese Word,2021-01-27 15:39:14,27
7,Male,Crush,Chinese Word,2021-01-27 22:57:57,21
3,Female,Snake,Chinese Culture,2021-01-28 01:26:05,21
0,Female,Crush,Chinese Word,2021-01-27 16:47:02,7
6,Male,Snake,Chinese Culture,2021-01-26 12:49:13,10
-1,Unknown,Treasure Hunt,School,2021-01-28 11:19:39,17
6,Male,Treasure Hunt,School,2021-01-28 11:13:09,19
2,Female,Treasure Hunt,School,2021-01-26 17:17:31,27
6,Male,Snake,Chinese Culture,2021-01-28 14:32:32,16
-5,Unknown,Treasure Hunt,School,2021-01-27 03:48:53,12
7,Male,Treasure Hunt,School,2021-01-26 15:03:50,8
6,Male,Treasure Hunt,School,2021-01-28 14:09:41,16
8,Male,Crush,Chinese Word,2021-01-28 15:35:50,25
5,Female,Snake,Chinese Culture,2021-01-28 11:33:09,6
3,Female,Snake,Chinese Culture,2021-01-26 05:15:21,5
-3,Unknown,Crush,Chinese Word,2021-01-26 12:48:34,16
5,Female,Crush,Chinese Word,2021-01-27 15:27:01,5
-2,Unknown,Snake,Chinese Culture,2021-01-26 03:53:59,21
1,Female,Crush,Chinese Word,2021-01-27 20:26:43,4
8,Male,Treasure Hunt,School,2021-01-27 06:34:21,19
3,Female,Crush,Chinese Word,2021-01-28 17:23:50,7
7,Male,Crush,Chinese Word,2021-01-27 19:53:38,20
-1,Unknown,Snake,Chinese Culture,2021-01-28 11:38:46,6
4,Female,Snake,Chinese Culture,2021-01-26 05:48:34,33
6,Male,Snake,Chinese Culture,2021-01-28 14:09:11,27
-4,Unknown,Crush,Chinese Word,2021-01-27 13:35:35,23
-3,Unknown,Snake,Chinese Culture,2021-01-26 13:08:16,8
-4,Unknown,Snake,Chinese Culture,2021-01-26 12:55:51,29
-4,Unknown,Treasure Hunt,School,2021-01-28 17:32:01,22
3,Female,Crush,Chinese Word,2021-01-28 13:12:17,19
10,Male,Crush,Chinese Word,2021-01-27 03:55:27,20
1,Female,Snake,Chinese Culture,2021-01-26 20:43:54,19
10,Male,Crush,Chinese Word,2021-01-28 00:58:57,33
9,Male,Crush,Chinese Word,2021-01-27 12:17:43,9
10,Male,Snake,Chinese Culture,2021-01-27 11:44:29,23
10,Male,Treasure Hunt,School,2021-01-26 18:10:46,10
2,Female,Crush,Chinese Word,2021-01-26 19:42:47,27
9,Male,Crush,Chinese Word,2021-01-27 19:55:14,30
-5,Unknown,Snake,Chinese Culture,2021-01-26 20:39:52,32
-2,Unknown,Crush,Chinese Word,2021-01-28 20:28:04,6
4,Female,Snake,Chinese Culture,2021-01-27 14:10:35,31
3,Female,Crush,Chinese Word,2021-01-28 02:12:37,15
7,Male,Treasure Hunt,School,2021-01-27 20:25:16,18
9,Male,Treasure Hunt,School,2021-01-26 19:34:54,16
-4,Unknown,Crush,Chinese Word,2021-01-28 00:28:36,20
3,Female,Snake,Chinese Culture,2021-01-27 19:44:27,28
10,Male,Treasure Hunt,School,2021-01-28 19:01:24,32
-5,Unknown,Treasure Hunt,School,2021-01-28 11:35:59,28
1,Female,Snake,Chinese Culture,2021-01-26 10:22:12,25
1,Female,Treasure Hunt,School,2021-01-27 00:53:48,9
2,Female,Crush,Chinese Word,2021-01-28 06:56:35,14
7,Male,Snake,Chinese Culture,2021-01-28 18:06:20,21
-2,Unknown,Treasure Hunt,School,2021-01-28 06:35:05,33
0,Female,Snake,Chinese Culture,2021-01-26 10:51:23,6
5,Female,Crush,Chinese Word,2021-01-27 23:51:55,18
2,Female,Snake,Chinese Culture,2021-01-26 15:31:17,15
-5,Unknown,Treasure Hunt,School,2021-01-28 11:21:18,9
-3,Unknown,Treasure Hunt,School,2021-01-28 07:07:56,13
9,Male,Crush,Chinese Word,2021-01-26 08:20:14,21
-2,Unknown,Crush,Chinese Word,2021-01-27 06:05:07,22
7,Male,Snake,Chinese Culture,2021-01-26 06:38:30,18
-1,Unknown,Treasure Hunt,School,2021-01-26 13:40:09,19
8,Male,Crush,Chinese Word,2021-01-27 03:29:52,11
1,Female,Crush,Chinese Word,2021-01-26 21:17:58,27
1,Female,Crush,Chinese Word,2021-01-26 14:18:14,19
6,Male,Snake,Chinese Culture,2021-01-26 14:51:57,34
3,Female,Snake,Chinese Culture,2021-01-26 22:28:27,9
8,Male,Snake,Chinese Culture,2021-01-26 16:59:59,30
1,Female,Crush,Chinese Word,2021-01-27 01:54:10,32
9,Male,Crush,Chinese Word,2021-01-27 02:52:35,6
9,Male,Crush,Chinese Word,2021-01-28 15:11:24,25
10,Male,Snake,Chinese Culture,2021-01-26 08:23:30,32
8,Male,Crush,Chinese Word,2021-01-26 07:57:38,20
8,Male,Crush,Chinese Word,2021-01-28 20:08:40,30
6,Male,Crush,Chinese Word,2021-01-27 06:37:41,32
1,Female,Treasure Hunt,School,2021-01-28 03:09:53,21
5,Female,Treasure Hunt,School,2021-01-26 23:57:45,24
1,Female,Crush,Chinese Word,2021-01-27 00:57:08,31
1,Female,Crush,Chinese Word,2021-01-27 09:56:26,11
-1,Unknown,Treasure Hunt,School,2021-01-27 18:53:00,32
8,Male,Treasure Hunt,School,2021-01-28 23:58:12,20
-4,Unknown,Crush,Chinese Word,2021-01-26 00:51:07,7
5,Female,Crush,Chinese Word,2021-01-26 14:40:41,15
9,Male,Crush,Chinese Word,2021-01-27 21:07:13,13
8,Male,Snake,Chinese Culture,2021-01-27 19:47:16,31
6,Male,Treasure Hunt,School,2021-01-28 08:49:07,34
-2,Unknown,Snake,Chinese Culture,2021-01-28 16:06:16,16
-1,Unknown,Treasure Hunt,School,2021-01-28 07:58:45,28
7,Male,Treasure Hunt,School,2021-01-27 16:58:24,20
-3,Unknown,Crush,Chinese Word,2021-01-27 16:03:02,35
-4,Unknown,Crush,Chinese Word,2021-01-28 04:58:45,24
10,Male,Treasure Hunt,School,2021-01-26 18:19:10,33
7,Male,Treasure Hunt,School,2021-01-26 13:05:29,32
2,Female,Crush,Chinese Word,2021-01-27 23:20:50,11
4,Female,Treasure Hunt,School,2021-01-27 15:10:02,34
10,Male,Treasure Hunt,School,2021-01-26 09:46:05,31
-5,Unknown,Snake,Chinese Culture,2021-01-28 21:57:38,25
8,Male,Treasure Hunt,School,2021-01-27 15:00:20,4
8,Male,Crush,Chinese Word,2021-01-28 09:35:51,30
7,Male,Crush,Chinese Word,2021-01-26 07:01:37,34
-5,Unknown,Crush,Chinese Word,2021-01-28 22:06:10,9
3,Female,Crush,Chinese Word,2021-01-26 12:54:15,35
-2,Unknown,Treasure Hunt,School,2021-01-28 11:52:38,25
-5,Unknown,Treasure Hunt,School,2021-01-28 11:01:37,20
-2,Unknown,Treasure Hunt,School,2021-01-27 17:52:27,26
7,Male,Treasure Hunt,School,2021-01-28 07:00:41,4
0,Female,Treasure Hunt,School,2021-01-26 11:30:09,33
-3,Unknown,Snake,Chinese Culture,2021-01-27 07:16:26,13
3,Female,Snake,Chinese Culture,2021-01-27 23:35:54,30
5,Female,Treasure Hunt,School,2021-01-28 22:33:24,19
-5,Unknown,Treasure Hunt,School,2021-01-26 23:22:12,14
-2,Unknown,Snake,Chinese Culture,2021-01-26 05:56:28,17
4,Female,Snake,Chinese Culture,2021-01-27 18:15:05,9
9,Male,Snake,Chinese Culture,2021-01-28 22:04:47,21
-2,Unknown,Crush,Chinese Word,2021-01-26 04:11:51,15
-3,Unknown,Treasure Hunt,School,2021-01-26 07:28:07,31
4,Female,Snake,Chinese Culture,2021-01-28 08:06:32,34
-3,Unknown,Treasure Hunt,School,2021-01-26 20:47:30,5
7,Male,Crush,Chinese Word,2021-01-28 20:48:06,18
3,Female,Crush,Chinese Word,2021-01-27 14:36:18,22
8,Male,Snake,Chinese Culture,2021-01-27 08:12:13,30
9,Male,Treasure Hunt,School,2021-01-26 23:17:57,3
7,Male,Crush,Chinese Word,2021-01-28 23:16:52,32
7,Male,Treasure Hunt,School,2021-01-26 03:26:34,28
0,Female,Treasure Hunt,School,2021-01-26 09:05:05,19
1,Female,Snake,Chinese Culture,2021-01-26 18:06:27,20
2,Female,Treasure Hunt,School,2021-01-28 10:27:51,23
1,Female,Treasure Hunt,School,2021-01-28 19:50:23,3
0,Female,Snake,Chinese Culture,2021-01-27 07:42:15,22
-1,Unknown,Crush,Chinese Word,2021-01-28 07:45:49,8
-4,Unknown,Crush,Chinese Word,2021-01-27 10:52:30,28
0,Female,Snake,Chinese Culture,2021-01-27 04:03:35,26
-2,Unknown,Snake,Chinese Culture,2021-01-28 00:13:35,22
-5,Unknown,Snake,Chinese Culture,2021-01-26 09:29:24,15
1,Female,Treasure Hunt,School,2021-01-28 14:39:22,34
3,Female,Crush,Chinese Word,2021-01-28 06:05:24,29
8,Male,Crush,Chinese Word,2021-01-27 03:12:41,20
-4,Unknown,Snake,Chinese Culture,2021-01-27 02:41:52,21
3,Female,Treasure Hunt,School,2021-01-28 19:39:05,20
1,Female,Crush,Chinese Word,2021-01-27 07:54:48,15
-4,Unknown,Snake,Chinese Culture,2021-01-26 11:53:54,18
5,Female,Treasure Hunt,School,2021-01-27 23:32:32,11
9,Male,Crush,Chinese Word,2021-01-28 19:50:42,26
7,Male,Treasure Hunt,School,2021-01-26 17:59:10,24
-2,Unknown,Crush,Chinese Word,2021-01-27 06:57:24,5
-5,Unknown,Snake,Chinese Culture,2021-01-27 12:09:53,14
6,Male,Crush,Chinese Word,2021-01-27 20:31:36,25
4,Female,Treasure Hunt,School,2021-01-27 00:55:12,28
0,Female,Crush,Chinese Word,2021-01-26 05:06:50,9
0,Female,Crush,Chinese Word,2021-01-28 03:16:25,13
9,Male,Treasure Hunt,School,2021-01-27 10:12:36,26
0,Female,Snake,Chinese Culture,2021-01-26 09:28:31,3
-3,Unknown,Treasure Hunt,School,2021-01-26 19:46:06,10
-5,Unknown,Treasure Hunt,School,2021-01-26 23:31:55,3
8,Male,Snake,Chinese Culture,2021-01-28 02:04:05,33
-4,Unknown,Treasure Hunt,School,2021-01-28 13:08:39,15
9,Male,Crush,Chinese Word,2021-01-28 00:42:04,20
1,Female,Treasure Hunt,School,2021-01-28 06:21:58,26
2,Female,Snake,Chinese Culture,2021-01-28 11:05:31,34
7,Male,Snake,Chinese Culture,2021-01-26 11:32:53,34
2,Female,Snake,Chinese Culture,2021-01-28 01:49:38,29
2,Female,Crush,Chinese Word,2021-01-27 16:52:48,7
1,Female,Snake,Chinese Culture,2021-01-26 16:44:49,28
10,Male,Snake,Chinese Culture,2021-01-28 09:25:21,11
-2,Unknown,Treasure Hunt,School,2021-01-26 09:54:24,23
2,Female,Treasure Hunt,School,2021-01-27 00:53:23,14
3,Female,Snake,Chinese Culture,2021-01-28 06:45:16,10
5,Female,Crush,Chinese Word,2021-01-26 05:50:03,29
9,Male,Treasure Hunt,School,2021-01-28 05:22:11,22
4,Female,Treasure Hunt,School,2021-01-28 12:34:25,12
-5,Unknown,Crush,Chinese Word,2021-01-28 16:27:47,7
5,Female,Snake,Chinese Culture,2021-01-27 07:14:09,18
-5,Unknown,Crush,Chinese Word,2021-01-27 11:42:22,32
3,Female,Snake,Chinese Culture,2021-01-27 23:15:39,12
10,Male,Treasure Hunt,School,2021-01-27 11:13:07,20
7,Male,Crush,Chinese Word,2021-01-27 00:15:13,32
2,Female,Treasure Hunt,School,2021-01-27 06:05:50,22
7,Male,Crush,Chinese Word,2021-01-26 06:36:44,12
-4,Unknown,Treasure Hunt,School,2021-01-28 08:00:23,14
5,Female,Treasure Hunt,School,2021-01-26 23:48:22,21
-2,Unknown,Crush,Chinese Word,2021-01-27 20:46:00,22
-2,Unknown,Treasure Hunt,School,2021-01-26 16:49:18,9
-2,Unknown,Treasure Hunt,School,2021-01-26 21:10:48,12
4,Female,Snake,Chinese Culture,2021-01-28 19:33:46,23
4,Female,Snake,Chinese Culture,2021-01-26 15:30:34,31
5,Female,Crush,Chinese Word,2021-01-27 14:48:36,32
1,Female,Crush,Chinese Word,2021-01-28 21:36:40,31
2,Female,Snake,Chinese Culture,2021-01-28 14:13:43,25
-5,Unknown,Snake,Chinese Culture,2021-01-26 03:56:41,35
7,Male,Snake,Chinese Culture,2021-01-27 14:02:30,33
-3,Unknown,Snake,Chinese Culture,2021-01-28 10:40:44,30
-3,Unknown,Crush,Chinese Word,2021-01-26 04:05:19,3
1,Female,Crush,Chinese Word,2021-01-27 11:41:22,33
8,Male,Crush,Chinese Word,2021-01-28 23:07:16,35
-3,Unknown,Snake,Chinese Culture,2021-01-26 18:42:13,5
-1,Unknown,Snake,Chinese Culture,2021-01-26 01:32:52,30
2,Female,Treasure Hunt,School,2021-01-26 11:41:58,28
-4,Unknown,Snake,Chinese Culture,2021-01-28 11:01:44,14
8,Male,Treasure Hunt,School,2021-01-28 05:52:36,7
7,Male,Snake,Chinese Culture,2021-01-27 21:48:17,22
-4,Unknown,Crush,Chinese Word,2021-01-27 10:00:05,8
2,Female,Snake,Chinese Culture,2021-01-27 00:33:14,10
1,Female,Treasure Hunt,School,2021-01-27 21:38:01,10
1,Female,Crush,Chinese Word,2021-01-27 15:13:44,8
-3,Unknown,Treasure Hunt,School,2021-01-28 03:17:20,21
6,Male,Snake,Chinese Culture,2021-01-27 16:31:33,13
3,Female,Snake,Chinese Culture,2021-01-27 11:50:43,20
8,Male,Crush,Chinese Word,2021-01-26 05:45:41,17
-4,Unknown,Snake,Chinese Culture,2021-01-26 04:04:58,15
10,Male,Crush,Chinese Word,2021-01-27 02:16:48,32
-1,Unknown,Treasure Hunt,School,2021-01-27 04:02:53,19
0,Female,Treasure Hunt,School,2021-01-26 08:35:35,4
8,Male,Treasure Hunt,School,2021-01-28 20:56:34,18
4,Female,Crush,Chinese Word,2021-01-26 12:01:50,24
-2,Unknown,Treasure Hunt,School,2021-01-28 16:50:00,3
3,Female,Treasure Hunt,School,2021-01-28 19:33:54,17
-4,Unknown,Snake,Chinese Culture,2021-01-26 17:14:15,27
10,Male,Crush,Chinese Word,2021-01-28 04:29:37,14
-4,Unknown,Treasure Hunt,School,2021-01-26 14:37:25,10
-4,Unknown,Snake,Chinese Culture,2021-01-27 21:12:44,34
3,Female,Snake,Chinese Culture,2021-01-28 22:45:33,34
4,Female,Crush,Chinese Word,2021-01-28 11:52:55,35
-3,Unknown,Snake,Chinese Culture,2021-01-26 07:14:34,35
9,Male,Treasure Hunt,School,2021-01-26 23:28:24,27
-2,Unknown,Crush,Chinese Word,2021-01-28 00:02:06,8
-2,Unknown,Treasure Hunt,School,2021-01-28 09:07:11,19
9,Male,Crush,Chinese Word,2021-01-27 19:29:15,16
-3,Unknown,Snake,Chinese Culture,2021-01-27 06:56:08,15
5,Female,Snake,Chinese Culture,2021-01-28 06:11:06,6
7,Male,Crush,Chinese Word,2021-01-27 01:49:02,7
-5,Unknown,Crush,Chinese Word,2021-01-27 09:48:36,5
9,Male,Snake,Chinese Culture,2021-01-28 15:35:04,11
9,Male,Snake,Chinese Culture,2021-01-27 06:29:40,23
6,Male,Treasure Hunt,School,2021-01-27 14:12:55,16
-4,Unknown,Snake,Chinese Culture,2021-01-27 00:30:05,30
-3,Unknown,Treasure Hunt,School,2021-01-27 21:27:45,15
8,Male,Treasure Hunt,School,2021-01-26 05:28:24,9
9,Male,Snake,Chinese Culture,2021-01-28 05:37:51,10
3,Female,Crush,Chinese Word,2021-01-28 23:36:46,14
8,Male,Crush,Chinese Word,2021-01-26 08:45:25,23
9,Male,Treasure Hunt,School,2021-01-27 12:02:50,17
-3,Unknown,Snake,Chinese Culture,2021-01-27 02:55:35,25
6,Male,Crush,Chinese Word,2021-01-27 07:10:00,29
8,Male,Treasure Hunt,School,2021-01-26 06:33:34,9
6,Male,Snake,Chinese Culture,2021-01-27 09:04:41,22
6,Male,Treasure Hunt,School,2021-01-28 12:16:23,10
-5,Unknown,Treasure Hunt,School,2021-01-27 01:54:32,4
-5,Unknown,Treasure Hunt,School,2021-01-28 06:58:15,24
-1,Unknown,Crush,Chinese Word,2021-01-26 07:45:21,29
0,Female,Snake,Chinese Culture,2021-01-27 22:33:38,7
10,Male,Snake,Chinese Culture,2021-01-28 20:34:23,35
8,Male,Crush,Chinese Word,2021-01-26 02:41:58,7
2,Female,Snake,Chinese Culture,2021-01-27 11:01:19,7
5,Female,Treasure Hunt,School,2021-01-27 16:16:00,18
-5,Unknown,Crush,Chinese Word,2021-01-26 00:49:25,7
-2,Unknown,Crush,Chinese Word,2021-01-26 08:35:37,31
-2,Unknown,Crush,Chinese Word,2021-01-27 01:12:59,18
3,Female,Snake,Chinese Culture,2021-01-26 18:26:28,18
1,Female,Snake,Chinese Culture,2021-01-27 03:15:36,34
-1,Unknown,Crush,Chinese Word,2021-01-27 17:02:05,29
3,Female,Crush,Chinese Word,2021-01-28 11:42:51,32
10,Male,Crush,Chinese Word,2021-01-27 21:10:36,23
-5,Unknown,Crush,Chinese Word,2021-01-27 09:11:59,21
2,Female,Treasure Hunt,School,2021-01-27 06:04:37,23
10,Male,Snake,Chinese Culture,2021-01-27 16:21:29,15
7,Male,Crush,Chinese Word,2021-01-27 04:45:37,6
-2,Unknown,Snake,Chinese Culture,2021-01-26 20:23:25,11
2,Female,Snake,Chinese Culture,2021-01-27 21:57:19,15
6,Male,Treasure Hunt,School,2021-01-27 22:30:46,13
3,Female,Crush,Chinese Word,2021-01-27 05:58:11,11
9,Male,Crush,Chinese Word,2021-01-28 00:45:24,28
7,Male,Treasure Hunt,School,2021-01-26 13:15:51,24
3,Female,Treasure Hunt,School,2021-01-26 23:22:35,18
0,Female,Treasure Hunt,School,2021-01-26 21:02:06,9
9,Male,Crush,Chinese Word,2021-01-28 06:19:00,24
-1,Unknown,Snake,Chinese Culture,2021-01-26 01:39:15,21
5,Female,Treasure Hunt,School,2021-01-26 20:08:00,13
8,Male,Snake,Chinese Culture,2021-01-27 05:47:25,13
8,Male,Crush,Chinese Word,2021-01-27 10:24:32,30
-3,Unknown,Snake,Chinese Culture,2021-01-26 15:04:29,13
3,Female,Crush,Chinese Word,2021-01-26 16:02:05,3
9,Male,Crush,Chinese Word,2021-01-26 08:12:36,21
3,Female,Crush,Chinese Word,2021-01-26 09:14:08,20
2,Female,Snake,Chinese Culture,2021-01-27 18:34:27,35
7,Male,Treasure Hunt,School,2021-01-27 07:54:30,27
8,Male,Snake,Chinese Culture,2021-01-27 11:20:08,17
5,Female,Snake,Chinese Culture,2021-01-26 11:19:11,20
-4,Unknown,Crush,Chinese Word,2021-01-27 07:58:00,15
2,Female,Snake,Chinese Culture,2021-01-27 19:36:57,16
-5,Unknown,Treasure Hunt,School,2021-01-26 03:48:12,24
-4,Unknown,Crush,Chinese Word,2021-01-26 09:40:26,13
8,Male,Treasure Hunt,School,2021-01-26 13:44:51,27
-1,Unknown,Snake,Chinese Culture,2021-01-26 04:47:06,26
3,Female,Crush,Chinese Word,2021-01-28 03:15:54,26
-4,Unknown,Crush,Chinese Word,2021-01-28 00:55:27,23
-3,Unknown,Crush,Chinese Word,2021-01-27 21:42:37,9
5,Female,Crush,Chinese Word,2021-01-27 10:29:00,24
-3,Unknown,Snake,Chinese Culture,2021-01-27 04:42:28,12
9,Male,Snake,Chinese Culture,2021-01-28 11:14:18,19
10,Male,Snake,Chinese Culture,2021-01-27 12:39:47,23
8,Male,Crush,Chinese Word,2021-01-27 02:15:18,25
-3,Unknown,Treasure Hunt,School,2021-01-28 07:50:14,28
5,Female,Crush,Chinese Word,2021-01-26 21:55:23,27
8,Male,Snake,Chinese Culture,2021-01-26 15:55:57,19
9,Male,Crush,Chinese Word,2021-01-27 15:56:59,27
9,Male,Snake,Chinese Culture,2021-01-26 08:30:45,12
1,Female,Treasure Hunt,School,2021-01-28 15:12:34,25
-1,Unknown,Crush,Chinese Word,2021-01-26 06:40:36,15
4,Female,Treasure Hunt,School,2021-01-28 06:53:04,18
-1,Unknown,Snake,Chinese Culture,2021-01-28 13:57:11,22
1,Female,Treasure Hunt,School,2021-01-28 15:51:05,25
2,Female,Crush,Chinese Word,2021-01-28 23:04:19,5
5,Female,Snake,Chinese Culture,2021-01-28 17:34:41,21
6,Male,Treasure Hunt,School,2021-01-28 23:31:16,31
0,Female,Crush,Chinese Word,2021-01-28 06:48:53,27
10,Male,Crush,Chinese Word,2021-01-28 20:30:20,13
1,Female,Crush,Chinese Word,2021-01-28 09:48:23,13
5,Female,Crush,Chinese Word,2021-01-27 12:03:07,33
3,Female,Treasure Hunt,School,2021-01-27 11:54:17,25
6,Male,Snake,Chinese Culture,2021-01-27 16:52:55,8
0,Female,Treasure Hunt,School,2021-01-28 04:47:58,16
3,Female,Snake,Chinese Culture,2021-01-26 01:17:00,28
-4,Unknown,Treasure Hunt,School,2021-01-27 12:36:41,7
-3,Unknown,Crush,Chinese Word,2021-01-26 06:42:56,16
-1,Unknown,Crush,Chinese Word,2021-01-28 17:30:59,8
0,Female,Treasure Hunt,School,2021-01-27 05:19:03,5
8,Male,Snake,Chinese Culture,2021-01-27 21:15:10,13
2,Female,Crush,Chinese Word,2021-01-26 20:42:16,34
6,Male,Treasure Hunt,School,2021-01-28 18:33:24,15
10,Male,Treasure Hunt,School,2021-01-28 23:01:07,34
-2,Unknown,Snake,Chinese Culture,2021-01-27 18:05:01,3
0,Female,Snake,Chinese Culture,2021-01-26 13:07:04,7
-1,Unknown,Snake,Chinese Culture,2021-01-26 01:29:15,9
1,Female,Crush,Chinese Word,2021-01-26 06:27:55,25
9,Male,Treasure Hunt,School,2021-01-28 02:35:39,24
-4,Unknown,Crush,Chinese Word,2021-01-27 23:54:43,7
8,Male,Treasure Hunt,School,2021-01-26 01:31:13,35
9,Male,Crush,Chinese Word,2021-01-27 10:36:31,11
2,Female,Crush,Chinese Word,2021-01-28 23:08:12,8
-4,Unknown,Treasure Hunt,School,2021-01-28 22:09:45,20
